square_feet,bedrooms,bathrooms,age,distance_to_city,price
2248.3570765056165,4,3,32,0.43144338216255074,650304.1373471837
1930.8678494144076,1,3,49,22.93060159309282,406125.5880033628
2323.844269050346,3,1,37,18.712292545920274,489696.683082702
2761.514928204013,5,3,26,22.8690787350288,666567.7414332222
1882.923312638332,3,3,33,1.1681405006299683,535721.1735163415
1882.9315215254096,3,2,14,25.113588834919565,436549.2122820622
2789.6064077536957,1,1,31,18.5857860010891,546926.9822631973
2383.717364576454,1,1,20,16.901860521379206,513852.07337542716
1765.262807032524,1,1,45,18.738421443435946,338017.28791007696
2271.2800217929826,2,3,4,25.932997406050923,554927.7520469959
1768.291153593769,4,1,5,17.608095196767213,469253.36579188507
1767.1351232148716,2,3,37,17.42851139664538,409684.0619484482
2120.981135783017,4,3,21,29.720374711972973,503599.59464305284
1043.359877671101,4,2,17,22.70190501205704,349028.5875187508
1137.5410837434836,3,2,13,13.268814163534058,386366.04549305735
1718.8562353795137,3,2,9,21.221910000987833,459631.76645338227
1493.5844398327881,4,2,45,11.676914150753655,420107.18141259387
2157.123666297637,4,2,12,6.86626387450497,573194.5425726266
1545.9879622393946,2,3,30,17.905556306632782,395421.9454998807
1293.8481493323543,2,3,29,27.845462943418543,342407.942471827
2732.824384460777,3,1,2,27.874185600463882,547471.6237985414
1887.1118497567322,1,3,29,10.25715834316471,504764.1194382585
2033.764102343962,4,3,5,15.83032398665085,589933.2906417779
1287.6259068932716,2,2,28,6.349076957095836,419057.4249386613
1727.8086377374086,3,3,7,29.868933284966502,429621.10642327386
2055.461294854933,2,2,43,29.43353723603807,403791.5605483867
1424.5032112888484,4,1,44,19.48526789122342,390443.4968108521
2187.849009172836,4,1,42,24.1324217903242,473190.40847474075
1699.6806550405975,5,3,43,21.453004838511,469683.3173993914
1854.1531251033616,1,1,32,17.794746571184046,375750.0327777324
1699.1466938853016,5,3,16,1.6004399096669308,556668.9487486569
2926.139092254469,3,1,47,13.642930276579833,635787.6246409122
1993.2513876310331,2,2,10,20.243589065022316,470914.9315552494
1471.1445355220499,3,2,12,20.32594841651054,412166.1653581905
2411.2724560515944,4,2,49,11.193678552671507,594691.4581015392
1389.5781750144888,5,2,10,28.250759599740917,395614.9791575957
2104.431797502378,5,3,30,5.02071096710343,610539.9705221509
1020.1649380601123,5,1,27,15.010783386466818,385297.1299031197
1335.9069755507849,3,3,43,20.726519296524685,401115.41948527057
2098.4306179345617,4,2,5,20.914074176754276,511819.40123655036
2369.2332899977055,2,3,40,19.459168703064467,460547.8428481701
2085.6841405949854,2,1,15,8.258646403555804,511131.36723509367
1942.1758588058797,3,3,3,4.686197060598659,607749.3918425923
1849.4481522053557,5,1,34,19.078209804801325,453375.29331970966
1260.7390048162863,1,3,47,17.979063484183133,298609.8612250699
1640.0778958026458,3,1,25,5.3806803086772295,489379.2176385741
1769.6806145201062,3,1,11,21.1541743671169,490079.36105193815
2528.561113109458,4,2,10,13.655159752009693,603844.1348358464
2171.8091447842307,2,1,36,20.032817748094587,426668.6011478025
1118.479922318633,3,2,24,25.12101239310452,329940.8937590561
2162.0419846973973,3,2,17,5.091852857307694,610940.5222179452
1807.4588597918419,5,2,18,0.5743460399051004,592765.1245227365
1661.5389998470207,5,3,22,23.373077591873603,447937.5788952417
2305.8381444204338,1,3,37,18.290922754578478,496096.09230789955
2515.4997612479756,4,3,17,20.989187088663652,612675.8566899376
2465.6400595580994,1,3,25,25.144649249659278,524695.8652161835
1580.3912383886807,5,1,5,24.084328044735017,464775.9877811126
1845.3938120743928,2,1,3,28.82760440786474,411232.3712992828
2165.631715701782,5,3,43,16.078052365563547,566211.5926500914
2487.7725635611796,4,1,28,14.654868979797161,635721.6264785804
1760.412881077355,5,1,33,12.056615996721902,502816.01196622435
1907.1705116680914,4,2,16,4.610731285326136,564783.4778953476
1446.8325129969858,4,2,42,17.178216986460672,455324.0903876167
1401.8966879596646,4,2,42,8.310375729779363,427247.8789671447
2406.262911197099,4,2,15,27.639225366389265,500795.14215706027
2678.1200142854113,4,1,1,17.495724128312926,630630.5199932167
1963.994939209833,2,3,33,17.785205415243304,467638.4833397445
2501.766448946012,1,1,7,10.6477398263103,550468.5085793369
2180.818012523817,3,1,12,1.5596805593312246,617202.8942243495
1677.4401226974378,1,1,41,0.9523129611896586,427690.329952896
2180.697802754207,4,2,7,12.700054324595925,587887.7413026448
2769.0182832329847,2,2,29,2.5369613429171354,646465.8167175982
1982.0869804450242,5,2,31,18.205408666204175,512461.63373359776
2782.3218279070034,2,3,35,26.429190169189724,543965.5216608882
690.1274479551278,4,1,46,26.487444495561665,257133.81078136293
2410.9512521876118,2,3,29,19.77136230396697,571197.2387169169
2043.5235341190855,2,2,0,6.33695494418793,566432.1350549025
1850.4963247670662,4,3,42,25.88990494076616,400908.22398320003
2045.8803882677512,2,1,38,26.582803059396245,400205.2412343485
1006.2155426995536,3,1,16,5.899607548588762,396430.34948004584
1890.164056081244,3,2,19,22.12278257312032,477634.875738184
2178.5562857558734,2,2,23,8.595586467813689,544501.7165741073
2738.947022370758,5,3,49,24.07920937058789,636507.7848487159
1740.8648908631762,4,2,21,29.91713699710808,428377.4609562414
1595.7531985534063,3,2,28,0.9007801598817844,543035.0403735598
1749.1214782077318,5,1,21,26.92097597372796,437988.42346155416
2457.701058851037,2,2,43,18.678916007959742,515147.44813379063
2164.3755548298423,5,2,8,29.201478574944634,542181.771057551
1735.1198981164807,1,1,36,13.950285525792829,383072.6756826391
2256.633716556678,3,1,9,25.42163791714121,476586.6118561742
2048.5387746740203,2,3,35,1.871822057948317,545334.6639176278
2484.3224952664445,4,2,36,10.058371502348871,601372.2044364439
1648.9734530613239,2,1,27,2.010496132536299,485744.7757140236
1836.1689267011159,4,3,27,29.260294004372117,410427.7083906157
1803.9459234339213,2,3,41,24.5092172181551,370926.4018979546
1268.2425259339407,5,2,42,25.576422637379114,412609.1955503408
2148.060138532288,5,2,20,28.138956943016826,502012.30164527555
2130.5276360899447,5,3,23,2.5531045835935604,657813.9195189589
2002.5567283212304,1,1,41,11.567927775400001,411760.94201320194
1882.7064333124265,4,3,39,2.131046671320064,579633.2169960492
1292.3146289747929,5,2,1,6.3237930465008585,501848.09576008655
1789.6773386173204,1,1,7,6.8809733111301705,435784.9442737389
1828.6427417366153,4,1,47,14.07321633142736,498668.73835464974
1598.8613653891905,2,3,26,8.056865023609278,492196.1942315496
1919.3571441669953,1,2,21,3.029343204532833,504609.75978810474
2202.0254284072694,3,3,36,5.024732672823231,609168.5315505326
2943.0929506052653,1,3,26,4.418266906562728,701438.4618125195
2087.2889064159194,1,3,28,29.192303937368948,424213.33493870497
2128.775195361382,4,1,2,22.778775207554208,528015.9980566355
1962.7770421169164,2,1,43,29.032843958086858,375231.3304567693
1040.6143923504792,3,2,12,13.192214595237257,396121.03317357035
1986.7430622753916,5,2,44,8.351054449879697,559977.7992221175
2030.1151049705131,5,3,9,23.9487959162756,540240.5687809701
3231.621056242643,1,3,35,9.787617541234404,679822.8982344747
1903.8195176094387,4,3,8,8.981501211160449,568188.1241824229
2150.7736711668063,4,2,26,6.975179766234936,584424.1583879762
1982.6441151473784,5,1,33,3.8903693467270606,584948.5038311708
1415.660981190234,3,1,0,7.693891830502979,486891.83903788164
2571.4114072575103,2,3,31,10.65959245421663,573760.4737463504
2375.966516343387,3,3,24,20.219826244371912,566479.4162837537
2395.5159735215234,2,3,28,1.8769452665835473,632778.5979513803
1545.3062726026305,5,3,6,6.3152081899602885,579936.1401265294
2701.3971554680497,2,2,48,24.27070920875029,499721.09967226617
1299.0744686038597,4,1,2,4.407657707513123,451969.2494427946
2293.428546900135,1,3,19,10.279354395675647,554811.5195048705
3095.227812904989,1,2,19,25.939767655744202,574336.1093453065
1504.7318374346557,5,3,29,4.64775933430328,563558.5116389446
1716.851135198614,4,3,34,2.482105068545697,542106.4083768728
2049.8256825438207,3,1,34,14.536139852400325,505995.5206446987
1748.2621729419004,4,3,48,9.072585338356092,534964.6414938929
1224.6682844669335,1,1,38,16.902250934515624,299282.7935764749
2034.2814874030137,1,1,26,24.114146714504255,406910.07960322715
1468.8481431369476,4,1,25,4.114454644582295,497394.2773981126
2236.796215317591,4,2,13,17.42097253662855,548985.1790339028
1540.2878828830985,1,2,16,15.165262811695918,404838.80041967734
2774.96720250877,3,1,17,4.322363580395987,700083.2292923557
1608.3733538318816,5,3,44,18.71995456586947,474100.3089362876
1838.9692418971622,5,1,28,8.209212535823148,517580.82483242557
2406.758608684835,4,3,19,14.635029556320374,600094.1129028432
1384.5678417830222,5,1,26,2.4681697283118567,473755.7386488615
2113.729967302065,1,3,17,13.787521716408692,526927.1090941876
2653.571377141214,1,2,3,9.19390404128461,619348.2922913209
1196.2583827193862,4,3,0,24.67143633556063,391054.1902967483
2092.3169292661523,4,1,49,1.7093618099210484,542939.5319009388
2129.9413971242116,4,2,0,12.558218247549899,570034.2191660324
2390.9114358886554,3,3,25,13.75294272394314,572106.4624496397
1381.5246445609591,5,3,44,21.750182288973562,426665.9372196772
1339.7716934578618,4,3,19,17.22862725270633,442337.8046191152
2260.970782808449,2,3,22,20.01637011582543,538892.4063496143
2148.492336616593,2,3,9,23.311478569552683,477861.36049076467
2125.2464251729384,1,2,10,25.866089209745663,404292.7606401338
2173.2241047484877,5,2,40,9.416264901674115,570762.7217010567
1659.9876392107547,4,2,40,16.14068116091709,457834.2429880978
2116.1268485805017,2,2,4,25.203242353175995,452829.25418227946
2146.5362366493405,5,1,0,29.683533928951693,507722.5949423821
1642.824290986816,1,2,16,26.685579331312894,342915.0753850691
2932.8872555723783,3,3,21,11.144017878731304,703017.768016304
2236.9164604558937,5,3,33,5.854995516559512,631523.17774374
1404.3482513986755,5,2,44,14.681776122197661,440696.5155598568
2328.276804316915,3,3,40,22.249243555081268,532340.9744953064
1512.6591648863393,5,2,28,14.777072122598927,468713.87589931476
2393.542301871226,1,3,3,14.495425899410055,562018.4632727739
2579.297789503702,1,1,4,25.14691263245402,503789.8105037204
1589.6588408241448,3,1,10,10.842113372015591,467073.5764427654
2481.6880646221607,4,2,20,25.79384024434937,530596.0808174474
2206.390463468249,2,2,34,12.204144028551706,540533.3338679177
2411.030079997245,4,2,11,9.846993170350181,675833.2220794982
2948.396491326974,5,3,25,13.61969733599097,719337.5497844392
1877.3059419985648,2,2,18,22.873408760246054,408301.75003114686
1623.1319178212552,3,1,44,3.780060835919828,471151.53766008955
1555.2427851872383,3,3,6,5.892576476160522,537620.7382090031
1592.0948575172808,2,2,46,28.54334476989276,317793.75126381614
1961.4491452929478,1,3,6,5.264748821440721,529315.6440043749
2170.575987408322,2,3,25,17.031819537931636,517240.38314983295
2138.3453996650096,5,2,39,17.379433999858136,573915.5969945793
2413.591624518012,1,3,4,14.688733861507345,570103.5490319526
2006.5009459389535,3,1,20,19.34235745730456,490600.71399496536
2726.7670385786587,2,1,13,6.8948017739285525,618015.6757836276
1867.671583381022,4,3,3,16.579868033302446,547289.7764441196
3360.0845832948094,4,2,22,11.165197657406914,741747.4326646843
2312.8336738825033,5,3,41,19.85001778887567,593585.4841357013
1571.4212217918587,4,1,19,4.236706301194484,533554.0445785187
1464.5537509694439,2,3,14,17.126322505184287,426118.7214949476
2241.2362076215927,2,3,49,5.558110661499711,547046.666099844
1888.2686073370746,4,1,44,8.359291893451092,508369.2890724737
2357.000247046046,2,3,28,6.561294009707497,623873.8912216095
2236.6188122867725,5,3,7,5.485133396064513,664052.9459702234
1963.5855436715635,1,2,40,24.77132854682001,406681.0721656459
1576.6031409657976,5,2,47,8.57122702982671,508412.16796010657
1242.5763876570677,5,1,18,27.81371345593348,362635.1618996959
1776.7425239664894,2,1,47,29.097795760355726,312129.4192438062
2428.199397161736,1,1,38,17.13781409811292,484772.846695466
2107.046872065102,2,2,45,4.290033679971792,531428.8797420287
1377.130610644006,3,1,27,11.236447301387438,449518.0485188504
2086.590462925591,2,1,45,23.93196790044642,396124.87602815655
2192.658689864418,2,1,26,11.021721860912114,558685.5660060579
1558.0712818994334,2,2,3,2.6105165490836626,505234.3201294286
2076.8625529727638,1,3,14,16.703547327845637,491568.2307311295
2029.1043592229998,2,1,34,25.353625544881044,396736.0834704002
1428.5148510846884,1,3,36,23.87779161430507,335182.3957422673
2178.8936801741415,4,1,0,5.253694203910597,625026.5995712325
2280.3922631841174,3,3,2,20.182938432374,577890.6931521652
2541.5256215876384,1,2,46,6.615127903069413,537586.7595709598
2526.9010260174514,4,2,23,6.546226036565167,681439.6408355527
1311.1653160214546,1,1,26,26.222153199155553,286792.34188288
1531.0874800424385,1,3,39,7.490068582206905,435377.3570014775
2257.51763360433,3,2,35,7.897420395540335,564721.6978328526
2256.8929754561045,5,1,33,0.019601722838986646,626873.0849386398
2257.523843153024,5,1,28,26.12007102376553,521482.7139021916
3926.365745327361,1,2,23,23.77784439627404,705811.5508141982
2285.4452553465835,2,2,23,18.81986805272034,478008.882676096
2567.7828200902995,4,1,41,22.50797291816527,562493.2665260211
2477.0008817466014,2,3,3,4.5614570227347535,660673.3398262481
2325.6956256528993,2,3,2,13.749707837627263,558512.512183376
1842.3653776798271,1,3,33,10.536581620463426,440220.19154421514
2379.4846102466336,1,1,48,2.8132957877104947,528796.9850609567
1613.587392731214,1,2,22,14.583914556447722,402596.4380671695
1881.5906966299956,1,1,22,27.62218951027906,356844.2367447973
1757.3182260854483,5,2,44,1.2017735715208344,567370.5093997974
2040.9370696931612,1,3,4,8.743827404813816,532850.9773834234
3157.329283336754,5,3,30,6.226228086171104,755102.873295145
1066.367403704126,5,2,40,7.14439960997089,414167.1999596992
2343.1300951872568,1,2,5,27.253036556381257,410758.7766777193
1193.642064405174,3,1,36,14.042071627028704,381686.85609470203
1764.0340671052832,4,3,9,13.988982388194565,530964.7385371686
2544.475298483683,2,1,39,22.817269273658468,514541.9710335634
2032.1400095477313,5,1,6,4.634766120147774,592892.4109151929
1461.127611035347,4,1,38,14.617960623001524,423567.4853309576
1642.348145370016,3,3,37,12.899556423631791,469150.96980967553
2339.798874467338,2,1,20,17.907320716399685,495197.577691502
1634.8166841414318,2,1,19,29.986731097513157,310220.29116431315
2108.2292947909873,5,1,2,23.083466822461414,573734.4868290442
2022.7859199519069,1,1,21,11.935971090522816,490723.69936557295
1674.1998261970914,3,1,46,24.82659156822141,363358.37065394945
3071.972044662663,5,1,3,5.121250899374406,782394.1051059194
2316.9595111590056,3,3,27,0.9139105892688038,626278.560200369
987.4287066711964,1,1,11,6.133451173928192,326538.97807054356
2093.227157384714,1,2,37,10.21234668342779,517467.5702897084
1669.106767615806,5,1,35,15.317422723786796,445671.5238953209
2426.216667398112,1,1,46,18.453874216235995,459953.05508911447
1603.7396307836498,4,3,40,27.318171516432653,410656.56358022883
1942.6317792665504,2,3,4,15.29562028651373,538941.3970311597
2252.4936394902284,5,2,12,15.038269338771881,623614.4723143952
2432.8775970850606,3,2,22,1.507290294689464,606950.1925979655
1399.8517964721118,4,3,49,1.0473465796867143,500686.0317516995
1832.7493820795257,5,3,29,16.53479885749116,533659.6169917603
1762.5273444195218,1,1,36,13.145358397450336,398085.5429696878
1673.335383713144,1,3,24,25.17541184940896,383519.4304605328
2882.7271201405483,1,2,47,4.820387541355355,588124.991759186
2202.490855480478,1,1,26,0.7491498635114879,532455.1607537807
1369.5580228324775,3,2,13,13.471163037903777,439654.2631996143
2458.9309735273882,4,1,47,7.124356702567725,614809.3762194824
3061.0780985063166,2,3,46,1.4884312001651234,703707.9482453059
2516.2326302755737,3,2,35,21.73794860542887,532977.3075081856
1240.3150170229933,3,1,38,3.347789998717424,418909.47708733246
1757.8829635668744,2,1,15,18.24958500023315,437242.6619814102
2633.455574593311,2,3,21,8.431492505006675,627538.8893464725
1646.1652671906097,1,3,20,5.204881510650661,450063.43161652755
2221.909714073114,3,3,20,11.392545687579524,551653.7769941714
2387.3170267146684,5,2,7,24.04337328668861,556087.9391450351
1536.5347642109587,2,1,48,11.76280730713718,417777.794465745
1970.2373219690999,2,3,15,22.52308947633167,479069.3876259555
379.3663299654638,4,2,30,3.764588903974521,335952.24731133605
1487.8061793328552,5,2,41,23.183142589952375,412179.3642468847
1873.7159243034198,5,2,9,7.107999747199459,580038.7897501686
1376.1084090175752,2,3,31,20.321793896666183,390672.03402094956
2816.2056519658177,1,3,33,16.97344664522989,612652.284732218
1284.9293110196836,4,1,8,27.87434151635062,348259.83059264865
1779.9777566515081,5,1,16,11.61967553925942,555666.5962145432
2065.3702886430456,2,3,10,1.9849556650332134,585441.0232784685
2720.6366445330577,5,2,31,0.5746645665375871,724973.5952490614
1282.0689244102803,4,2,9,24.805756829182595,419365.84017222753
2581.58187607748,4,2,21,15.742069129842966,617323.6213475516
2005.1165305097936,3,1,16,23.257321555048478,464408.16058631934
1509.2456744760245,2,2,3,7.032768000345441,473188.4898279054
2231.0517371316355,4,1,47,10.352512365397011,518383.2114095712
2099.529847786735,3,1,46,0.9031161663395681,560182.1193106337
1699.8915614206026,3,2,24,28.844769737223366,380506.04503816884
2034.9010424950095,5,2,20,20.036037201024403,511631.907566217
1807.3432015691199,5,3,36,27.996152632779186,454777.97546249686
2056.758672625624,3,3,37,7.9648922228721695,541181.5623867438
2331.0653372605234,5,2,48,18.343908336769825,585537.909687836
2793.008408072676,4,1,0,20.354999048779135,610900.4736449651
1381.0922505865756,1,1,24,9.526491007727653,359734.43376836303
3066.5166873281332,4,1,35,25.4432770504689,617468.8830578357
1023.9561002387491,3,1,16,28.414843887007436,259003.32017369024
1924.1074524822084,3,1,40,26.54565353088013,392707.71505328396
2294.1586032422883,4,3,23,22.172009278181175,521974.2093887729
2140.495933867516,5,2,1,8.323940391748621,651854.9173214922
1688.6502400897032,5,3,39,8.448481263168953,536027.867288807
1895.9388748213623,3,1,14,28.90080961338114,415568.42625625373
1753.4995326705837,2,1,31,0.30853487807076085,513802.46190605557
1705.3176215278943,5,1,38,21.481499197264334,435944.7695697848
2424.8010485105124,4,1,5,21.187384876657866,561543.4927203275
2178.5077429825237,5,2,0,18.680686228493922,567246.1703187941
1653.545202369673,4,1,46,29.703265382605974,347345.3790225048
2449.799937716625,3,2,22,9.356383072911758,585276.4174128174
2153.649760438305,5,1,38,10.199155913797446,564201.8766800852
2406.43105941948,4,2,16,2.3681820883966664,655427.8377874773
2314.8144209618063,3,3,33,13.283944096312123,573575.0856806779
1585.502494538964,2,1,40,7.831455787045442,405843.7562847794
1719.9094799015152,4,2,28,10.301601065329326,514871.07017693017
2373.646802561631,2,3,8,25.03715370766883,527561.2776763651
2305.1851327167324,2,1,12,28.064535405824873,449098.64922174026
1989.549203017926,1,1,5,5.571992160155569,489477.9282035435
2058.663691654391,5,1,5,11.175267946603975,589624.7946547386
2638.8324478942122,4,2,19,27.858916863461822,563471.9336066139
1704.214305582085,2,2,2,1.854253820676679,528767.9133194003
2273.548690585019,1,3,16,2.7708158433413557,612575.5530962454
1898.903673783053,3,2,48,4.883729676186881,518789.6436550779
1891.15939838639,4,2,11,17.856385023806244,500607.37341332465
2549.388425993595,2,1,47,4.514168130179924,560019.6310092985
2412.708174494015,5,1,46,29.042291443522004,493650.73633006064
2406.754818000319,1,1,44,13.40143581775561,460750.7174690474
2652.7394035771645,2,1,0,15.045538810504992,606338.0886509613
2010.5019208163794,5,1,16,7.399758474162194,543910.9193645307
2340.976485647482,2,1,2,14.128807573042005,553264.5313362984
1844.866621703272,4,1,25,19.857408979110346,450081.6702264344
2162.0831762442212,4,3,14,22.535314108621282,532387.8016010444
1934.9284728161576,4,3,35,22.61604248129739,469199.3056850488
2048.497982496359,1,3,31,17.33673338082265,488508.32366318116
2297.5785127184568,4,3,31,27.130793249815717,523309.1226924055
1590.8896583832638,5,1,3,24.522235419183282,468829.84216243017
3046.19363784273,2,3,17,22.711443440958764,647382.3656435357
1496.991309250149,3,1,48,1.6681656504138187,461475.9776159014
1392.9056936061338,5,3,18,0.20633886658947942,535991.6842908685
2579.055436750034,5,2,42,6.373418315864189,663578.3689308687
2395.831346981468,4,3,34,19.905707817403567,556001.2026888783
2312.0599085260774,1,3,39,12.335924666476375,506059.2797087837
2314.17275463214,2,1,13,12.072187778979352,536872.4984469385
1993.8766135765427,1,3,32,26.537606646888413,401710.34596019407
1551.3728142570842,2,2,13,26.866885443955162,373613.6781391925
2037.9022790968631,2,1,33,27.275257921607572,412455.1381321014
1661.4191442439442,1,1,3,9.41634229545082,436448.2566340084
2487.5598667088757,5,3,23,20.731674382177854,624544.9864576004
1926.4713092489308,2,1,28,8.14899543823109,474238.52209747536
1587.2514016037442,1,1,18,5.718294992233494,457791.8317913242
1839.3070791735033,2,1,5,5.538973720421076,496890.9675095672
2206.4657271378123,3,1,32,10.263228625907821,561597.4456335813
1718.1377235980126,5,1,48,12.898728593394651,455705.6737372943
1588.8898022167843,4,1,39,24.92847513165205,382082.94952604047
2121.843605745956,2,2,18,3.5967328041813627,555673.3133687145
2122.4832855543614,3,3,0,22.047775421846826,533713.4516188897
1746.5284123144352,4,2,4,15.94364742567916,525497.360783146
1764.4808471908386,4,1,26,8.638360280279775,485492.42161603644
2116.0249686788184,2,1,15,14.784587535984738,471321.14678104094
1275.957829251338,1,3,5,8.998262093310679,383364.2025668225
1296.2681128117224,2,2,39,17.88245865714918,372431.6075799808
1640.777889373782,3,3,12,13.015317685657326,494992.19383372314
1893.2764241440764,4,2,47,4.932165872366362,520643.21009063727
2155.4537827990025,2,1,34,3.497492236670902,527968.7087573744
2737.678108474776,1,3,18,16.400870462163905,604282.5918736267
2428.8298116010096,2,3,11,27.072390998583103,507400.13214101124
1920.0307350182864,5,1,15,10.318730596730566,554667.1945132667
1990.4918960486557,1,3,42,21.990003216678698,400997.83418744366
1498.7353176810957,3,2,9,19.75984064819301,401511.2481348241
1990.743432003805,4,2,24,27.94664742928443,488544.7538630118
1855.6706805399308,2,2,19,24.629430518974225,449681.4812609597
2161.3592801690447,1,2,30,16.99815776716389,444509.2151337902
1586.3845282238385,5,1,3,19.71091494702322,504501.951082822
2259.673257120586,1,3,43,26.951593997521044,421445.23025468056
2766.369456501289,5,2,22,11.985563537608044,698700.5606945308
1945.6199257715712,3,1,1,9.803841175733321,560028.0590833572
2200.8558610494706,4,3,21,0.3243325090558902,649605.1846980684
2345.0719958555565,3,3,36,24.796532225743928,505219.2998442667
1799.389764057082,2,1,7,24.029421012100947,423782.97882382123
2112.0462409052084,1,1,6,3.1336355430045417,512939.7016800335
2006.2962003908974,5,2,13,17.305721433981006,579357.0504455382
2048.838049274416,5,3,2,13.919450945006622,608584.640514981
1613.4951080722667,1,3,49,3.561272865273344,433662.8917213897
2012.2550871294713,1,1,15,29.417046811821706,367669.67694399506
2248.999145622725,2,3,18,6.440876623900663,554476.2384873382
2725.571803897521,3,2,17,2.0170254027168344,676027.2002385643
2479.6354130426034,5,3,15,17.845421385057286,632437.4497912161
3076.5912287557785,2,1,7,22.16600031399098,587432.8121091822
1616.3262185559752,3,1,32,0.9733033814156089,494673.11635373806
2436.1603183603393,2,2,48,19.761529161810664,508074.74363550753
2091.671002869176,5,2,11,15.968756278543633,573637.4263176698
3094.901466608836,1,3,10,3.0979502662514524,721999.9851904535
1595.8508573224242,1,3,4,5.175716308390862,463356.24739682255
1580.139078909612,3,1,26,17.039228919482415,435892.3725234285
1700.303677277989,4,2,11,8.89072840539865,532028.2036802022
938.0521378450965,3,2,16,28.14947185953948,319865.6047741619
1737.1224891596194,4,2,5,24.562206884521522,511041.68519610993
1620.433669223151,2,3,32,29.50701619540989,349125.09756035754
2075.1968932381037,2,2,4,7.79012516851242,539747.6306051244
2170.87798788858,5,1,27,29.09170898393931,488248.31082461606
2938.085419607943,4,1,13,12.937016093746736,689941.7774759681
2475.2119190930252,5,3,4,10.42556385941264,711673.3679763924
1711.5481721687984,1,3,32,1.5104858090805973,474123.62709652074
1550.792664325821,4,2,49,1.5829577357880786,513328.99629949423
2245.9595857532527,3,3,47,20.76033767839964,503373.7036738743
1339.883396489679,1,1,40,13.737869833020838,344655.34235915943
2915.7293829271766,1,2,18,6.795648781083171,670570.3174018145
2589.7200603606434,3,1,21,18.41910918975698,560555.8983566513
1765.4121739476477,1,2,4,7.585743547503335,444485.75502115587
1143.4327354545612,4,3,1,17.32895263033268,443748.1807041266
2676.9361870827065,5,2,29,10.77626240948071,657005.0116428933
1942.730077373691,1,2,46,24.706566798354572,374014.3628750053
2618.908155986731,4,1,38,24.62088482300338,562472.4160204249
1202.7861706028166,2,1,3,14.32051194367204,376763.26294268447
1700.3124885231136,4,2,32,10.524573280050468,498389.60636715376
2002.6218498590915,5,3,12,10.876793896772837,592491.6737458331
2023.490296882371,4,3,19,24.171435770046536,450668.490076623
1774.9672642603782,3,1,6,9.84538448392836,514984.5835345389
2311.4249661737495,5,3,14,6.271781211205381,666295.8048855203
1466.1897853087028,2,1,22,2.540650256259205,480491.94208212395
1928.8102574893533,3,3,13,14.000793626532252,534278.1310899792
2060.1478158559494,4,2,22,14.463962967595256,533879.8500897193
2257.2194170293747,5,1,18,25.227261312087215,555784.007761491
2355.807439044445,2,1,28,6.637160893381919,580207.899508921
1437.6789540810655,3,2,19,11.429738210051998,440122.5157748503
1232.9429146321888,2,1,28,24.252172166810727,324553.4736722392
2638.8384109492545,4,3,23,24.708708322469207,583176.0589223212
2166.157005989796,2,3,17,11.538332279363047,548424.8448898123
1625.756731721723,1,1,9,13.773720698600426,417423.07401963195
2775.5759877612613,3,3,40,9.098576725478488,666539.1462170805
2057.8373171464295,2,1,7,27.976646352579362,439222.80278138537
2589.6485920319133,4,2,25,3.559312972247409,668997.5803322864
2033.7592407050545,4,1,28,28.012482690044102,473875.4254693665
3030.3739624409936,2,2,9,20.515993555060298,620487.5801287191
2877.6704212216023,4,3,16,15.947164580601935,669534.1930347268
1875.5179257604632,5,2,1,0.9797718235348762,619342.0704001285
2485.785475477178,5,3,5,14.267885754660249,705328.1603778021
2322.6879747925736,5,1,4,12.232443150081968,608401.3119066373
2684.3157787661744,1,3,27,4.836564359253677,647297.2495538667
1517.5382697099478,2,1,40,19.692288105019706,331459.96601519024
2343.0257299992195,1,1,4,29.134527221048575,451539.3322961237
2529.212243424794,4,2,17,16.865664331935754,613995.183883857
1120.6302567884427,1,2,25,21.442598293318376,323306.0846461991
1408.3707436671125,4,2,19,2.0535135769805035,498900.00576179405
980.3839111199497,4,2,40,12.530009874509842,355794.2529362355
1865.2965827777211,3,3,48,3.490754554934876,532010.5070750441
2358.7711278979814,5,3,26,18.383875066095314,639192.3304390297
2751.178526048014,4,3,48,28.154464746424637,551221.2855762036
2037.0473902098877,3,1,11,19.853331974149157,433522.1160166534
2814.307772785646,5,3,6,2.304091449432646,775821.0654181493
1309.9492708925543,4,3,2,10.639986149552485,505282.91824534093
1148.3087803224225,4,3,9,16.519901383225545,405370.6914794384
1972.2261505516906,1,2,33,12.096232683997567,474311.40262983105
2192.0327244696537,1,3,24,25.00932031425517,429040.087398923
1983.6526259529535,5,1,34,24.440130141299676,478416.0724726111
966.2789499800617,4,2,15,18.354930603096644,383220.83578724717
1955.4399802436058,2,1,1,11.203738353981157,477547.9972318663
1347.7652497475733,1,3,23,7.660091212897324,414494.59802780044
2334.836274415019,5,2,9,3.1762295463938797,704643.7636561282
2183.299123048424,4,1,37,10.646930504596622,561738.8979185075
1530.0601068363223,4,3,21,12.395175516231586,477120.617292475
1743.0665413316533,2,1,25,20.27468775312221,430460.90948847285
1470.3932390555242,5,1,42,19.744794728927204,433002.86245214246
1968.660451363414,4,1,38,2.1032441892377083,524573.8867598374
2477.571160250619,1,3,26,11.857779462934733,573631.6490176037
1507.1369768322281,2,3,28,5.4533660165208575,454376.2313938844
2252.023257758922,5,1,46,4.7043811595041705,612212.8538191668
1734.8711908137795,2,2,37,24.819064492117377,399295.4362473453
1603.563583868828,1,2,19,1.257456501487726,459255.1633795889
1946.4848200227211,5,3,26,12.57548627706364,540183.4393372537
1482.378838790313,2,3,40,5.046109672995546,482237.1812916858
1723.1753473264089,3,3,19,26.37990647035422,450868.43917122914
1401.061053705576,1,3,43,16.711215398251053,351857.9608009222
2982.3625664581946,1,3,18,6.941419091305441,681715.7185420443
2017.6317759858644,1,2,19,15.072818614991291,455892.93868164957
1650.1372460037073,3,3,34,21.944590791093475,425737.0364803057
2106.989955367111,3,1,46,28.743540267583015,413445.03311441676
1943.8359751545852,4,1,1,6.613380127362568,565929.613929229
1889.5152002333884,2,2,29,26.585453163880352,408686.06581732153
2307.0833500217127,4,1,33,28.029123425024707,463753.30890522164
2378.7538550236527,2,2,21,27.492616335961987,473318.37995842635
1734.7494261947363,3,2,2,19.062430705857295,474189.8498495921
1712.09087967766,3,1,5,18.89461963304123,484102.54794567556
1862.474151424178,4,3,14,12.096318995514682,526538.8434297994
849.0394176322077,5,1,26,22.571936469113638,338907.2914539115
1242.4044689007237,4,1,9,15.938820550527957,425269.54311102594
2683.4371337222624,2,2,8,20.323142136848833,535365.4847604404
2822.4838567506417,4,1,32,12.853737115463863,650314.5332234618
1875.4819802218108,1,2,31,21.94489392129417,413203.5290064764
2288.2784815278833,2,3,47,24.734145528136473,479344.09817614884
2155.625077271768,2,3,5,4.393087698084484,589699.7780028892
3539.440404227619,5,3,40,24.98789146722684,742641.4040284572
2559.787455717288,3,1,35,16.208895953709217,561320.5325340277
1936.0412042596167,2,2,1,25.33997727270673,408917.1475091049
1522.229779699787,3,3,28,12.939051190230439,459505.61749890517
1196.7768398712137,4,2,3,11.371214561491051,442319.04505359335
2101.7318179336116,1,2,0,27.451821975516673,418904.2193924987
1621.8246273578484,5,3,18,7.535078026452039,607297.7030431502
1288.873145201163,3,3,25,25.326369758584292,386751.4373796441
1676.7135578787368,2,2,24,14.520617175282123,411900.5065991121
1459.2259981928025,3,3,9,15.422863276537791,459702.3072775481
2843.5708175362824,2,2,14,9.254048444684521,675425.8859183063
2440.819878474725,3,2,21,17.19126601857047,534242.6685968364
1996.0136793416914,2,3,47,9.756335888286339,500160.03528796503
2739.972069445013,4,1,20,1.1780824272495694,702586.852794894
2038.684153823809,2,3,21,8.159958160330682,513512.9746219375
1569.3578993358683,2,1,35,0.19137130219772036,472037.8344816362
2761.5620386348287,1,2,33,29.3506436117057,511806.01554705837
2269.455021842329,2,2,29,28.972416294592424,476717.1236317703
1481.3769228367719,1,1,24,11.85465892416915,373945.96177215106
1904.830660958196,5,2,44,21.85112563018938,537501.8716954846
1562.1908733076214,1,1,27,10.374182952312749,354298.38116664434
1308.600134517832,4,1,0,20.132794712579283,417750.38081106765
2463.088773765821,1,2,48,24.162901291379374,427402.92320937914
2954.708320235065,5,1,44,28.402687340767223,598996.4640813617
1300.7162130904294,4,3,3,12.00636827549016,466637.45558401296
2281.4846183452855,3,3,6,23.49893948868143,548865.5444361969
1674.6787154390865,3,2,48,7.977853518963563,465774.9254390013
1756.437308117652,1,2,8,29.70996911380945,345396.0670880702
1703.8030378805654,1,1,35,0.7730879629305343,441499.1969161525
1568.004615160092,5,1,18,18.10586419503363,505320.5612478367
2024.2608139724134,5,1,0,19.785179449539815,553583.6996174111
1584.524941794481,2,1,9,20.641366712223864,356429.33357728506
2135.2284128899196,5,3,35,3.61162736367267,648241.8798174598
1974.8809452754315,2,3,8,28.155893504193912,438559.14102318516
1880.5259765667952,4,2,44,5.435498371502484,540993.4263694496
1546.218168979201,1,1,45,18.682602097195232,349917.4779405399
1711.6143347158336,4,1,41,6.680282373692549,521005.28181316925
2377.695612912878,5,2,31,9.216492510638126,617395.6248253273
2250.4585938121904,4,1,31,16.39375625184373,539005.1747295022
1511.2223776007245,4,1,5,12.515802556937295,463182.12380065076
2049.666152714613,4,1,47,4.806768029295188,563353.3263822014
2375.6935616858946,5,1,37,5.128092072625448,629067.4840150335
1165.2973594393143,4,1,16,12.54434364488399,411657.9152855147
2271.6800961899676,2,2,9,22.71848934826502,492754.03246696683
1668.6881205270765,5,1,49,26.938939405433658,404486.1307405066
2285.2993342965797,4,2,26,2.523829867781485,668268.7709241422
1618.3704217287416,5,1,49,11.793117226782032,522605.3004207556
1097.5589496677405,3,3,34,3.007366911686299,443138.8497665791
1186.2287810584187,2,3,20,0.4977744189779365,448446.04946753505
2024.0424733306909,4,3,24,19.8515604793187,493435.8333852165
2129.861250860741,3,3,27,18.073483258997634,506903.4073378955
1547.8416874477957,3,2,46,4.890573414446586,464188.6653292183
2319.296229388687,5,2,14,7.014384992791923,639521.245031595
1169.23996886552,3,1,3,0.7112326093355514,446631.81702571176
1966.9601006763417,2,3,28,25.048416170832112,468309.7237284139
1394.4919001187718,2,2,8,29.240717881456543,335546.0118853027
1674.0819460989205,1,1,26,4.063786103840724,447157.6012236732
2023.699335658207,2,1,25,6.944256412958944,495349.8070771718
1569.7933173580238,3,2,18,26.052285718408022,415758.46350705513
1807.7222278850872,2,3,27,27.793913938685545,395937.1919295639
2503.14640460722,5,1,16,12.58882148420431,626110.5799670443
1711.5540652384257,1,3,42,1.5186741680722238,445524.7225992138
2417.846056032571,3,3,40,1.181755010784582,635546.0950759355
1435.1465726711908,1,3,41,17.218495982070312,347138.345954779
2264.9020889576414,3,1,49,11.78685326679537,555492.6419300074
2720.78431032895,5,3,19,0.8595728273296355,791697.7562527334
764.1777499363554,1,1,44,17.4975717693767,198433.19374824432
1601.5523722647617,4,3,39,0.33907609767067415,522094.41059374105
2288.53606359027,3,1,38,23.62115874447819,471648.2231136206
1898.4773069785037,4,3,48,9.192984681101148,519485.91473338444
2185.5729366856544,1,2,22,1.207740090276963,559145.5715651978
1698.0074066420898,4,3,46,17.650566629494598,458915.80806712917
2043.29489373645,4,3,31,11.93053243299164,566452.2187066145
1922.1613823039602,1,1,46,29.214012400714484,356576.01577496086
2583.8910308299037,5,1,32,16.325959875111067,592669.42504222
2127.2104216506063,4,3,45,8.257175431110248,597699.9105415877
2168.801331037601,4,2,4,21.28316593901924,530331.3216741404
1794.0615169387663,5,2,42,8.14476007628134,584355.0841423839
1756.1968879637532,4,1,47,27.12729874222695,428212.558808416
1783.7209060901896,4,2,33,11.241659115221292,506088.23361969733
2197.2260711891486,4,3,39,16.49605688328616,533831.9573713407
1789.5077595898686,2,1,10,1.5171931147268658,492742.8787713542
2144.8874284482063,5,3,49,12.783637138566924,596287.4986158869
3037.7003993227195,4,1,2,24.970906189829847,643192.4736186486
2435.562351715846,5,1,32,24.169464160900258,571024.3696679147
1836.9882339160795,3,1,10,6.729556765605787,565985.0306452957
2600.6069610819723,3,1,15,6.7823721303168805,615771.5247363889
1795.9623134892242,4,2,17,24.519159366397105,435195.78531623643
980.9377324110731,5,3,29,27.911952605079765,352432.10152691463
1495.9568445412979,5,3,47,2.8608276381901065,555984.5807192901
1064.6040394870722,5,3,9,13.501759182786758,434372.60421341186
1824.2432579793456,2,1,17,10.12362836892687,471710.8416274524
2009.2091895947758,3,2,37,26.12065366372318,466178.9833440203
2838.218656137641,5,3,18,2.505747440400563,732546.504448836
2163.463686882081,5,2,35,6.333778276741122,617557.0208773885
1890.449735595568,2,1,12,22.57405012759483,412895.1478293854
2414.702790591745,2,3,45,1.5388154694364675,606994.4730610055
894.4323454960575,5,2,2,14.776061421428677,427480.230528939
2117.807279054283,1,1,9,13.2632110403916,486771.20681394625
2385.4325969434835,5,2,37,10.03203536966246,605450.2646509733
1260.7068771100792,5,3,0,11.837169459567713,489895.2615040037
2571.8770216034645,2,3,26,15.898217607906988,603822.324807474
2169.2482037472073,2,1,45,4.841020751651493,527760.7846823056
1792.3560430495993,5,1,7,17.159876348507783,532860.407266598
2316.3909330531424,5,1,45,24.16296987899959,526649.6967666344
3135.3464289021977,5,2,41,22.804827893704772,686460.1462316441
2090.9331275292475,2,2,16,4.61699714081321,546632.0616265746
2124.110293150168,5,2,8,4.477484092244217,627878.8905759554
1770.319550229878,5,1,5,8.045231032347399,575595.7316897055
1575.0778152676041,4,3,42,10.832241790231116,507647.94354789617
2415.167908272123,1,3,24,12.253667442254478,528721.2228136131
1571.9580870455663,3,2,38,20.39091650500036,389320.23430335853
2035.7831186096962,1,2,48,1.7004129649750621,500600.87440196093
1761.1712766174417,4,3,27,1.0401811267819916,609371.2779583592
2239.489912873196,3,3,32,11.75731688831727,576399.6115927582
2166.8310526434743,5,2,36,20.914910764139414,512968.3674785064
2518.7699721289496,4,2,8,5.803060288694477,668940.53854408
1744.9918005726265,5,3,17,19.24513443768755,513605.5227824476
1865.0625323533143,2,1,20,7.794844138208984,462319.7680418736
1510.6181421088463,4,2,1,26.58258326440549,420583.9666564049
1777.8533699619443,2,3,42,26.870698327998497,379523.76506217173
2188.650246522426,4,3,37,8.918616128439794,584471.8058638219
2378.494308322676,4,3,39,6.899812618897215,620127.4558062791
1538.9173379111874,2,3,35,12.339119161986938,458569.87584371946
2434.8029600528303,3,1,49,7.215947555404462,562866.643908892
2677.8189294024755,1,3,42,20.17151529875111,529808.684042621
2206.7174516118503,5,2,36,24.781940536448566,524922.6208140001
2938.397906279033,4,1,14,20.19276392733651,630695.5292978258
1613.1054004482135,5,3,27,24.730513417480484,462903.33762718353
1377.6726483442915,2,1,17,11.909764866224224,396409.08484247787
1110.6398755478608,5,2,33,4.689509121265826,466743.56626383436
2748.0221557445916,2,3,21,22.138528421927763,558326.0184101216
2327.182828177029,5,2,10,10.814235154246617,635883.7583102685
1972.2076645447726,1,3,12,20.138124756873975,468346.9634043431
2139.98431315991,1,3,3,8.119318259452971,543804.723049121
1437.2554763508117,1,3,21,2.4368890442001803,455639.514483646
3222.875989808413,1,3,6,29.7774538646329,601884.8691626246
2064.6105909876137,1,3,42,4.686045237917979,522609.2650732305
2054.6973973024465,1,1,23,29.65262981890443,388114.47880112106
2362.883311949346,2,3,3,29.31839797699342,496357.49471245037
2240.5046158683567,4,3,27,23.81454311724119,516776.2707322056
2111.9420121395656,5,1,14,19.782688862459928,519503.5509351376
1604.762772277344,1,1,0,17.33421150753254,414397.08655866614
2235.734178567998,2,1,2,25.98304636133504,483849.9039379457
2941.012248237517,2,1,13,8.683185648584638,662723.2026794548
2672.7100230774886,2,1,37,14.030436374546312,574978.3921461452
2796.5933133196986,4,1,49,18.581699080995058,589349.3819204618
1744.3921617844073,5,3,0,12.335714276084733,557482.7245319264
1505.1975898707096,4,3,37,12.82459362270804,450048.52217110555
1937.1065399501758,3,2,37,9.908540025062532,487236.2809355038
2027.8624561443473,2,3,20,16.92695450053608,518787.76968997833
2547.0957592354744,3,3,47,25.51723584045348,517615.2875679708
1153.7676851425904,1,1,28,6.045851340189385,375933.07745465933
2764.7751597303068,1,1,4,28.032991162603242,506813.60153891676
1920.9960507105052,4,3,48,20.67262961244689,468261.4353794928
1786.55946502629,5,2,9,24.698196380400905,468605.6419009362
1493.9478123699164,3,1,27,16.68572077890035,391900.4808212307
1172.5716640671153,5,3,20,23.385501042721906,437323.0200545836
2411.585291980957,4,3,49,0.4860119201840163,633623.5326006272
2036.658983594202,1,2,6,24.551412743386056,474076.7202517931
1355.019550129473,5,2,2,1.2041657725609956,533419.9551072232
1352.4606139681919,5,1,44,26.697401290885875,380381.0850538244
1832.107650354936,1,2,46,29.7588824171593,332116.70958234416
2834.5107626446966,3,3,19,8.822023865303334,675655.3034196642
1870.2043243181977,1,3,18,6.30955668857381,475554.4496623579
1248.428523440947,5,2,34,22.96090091574122,391491.91428241116
1877.1284679570279,3,2,3,7.590790227607597,522449.5991281962
1863.6382151261648,3,2,4,25.966871495166103,417079.83279774536
651.5566785292142,1,2,0,3.0852777647243013,339699.0865201096
1972.8525667410938,5,1,3,3.7786558913807475,601326.1434175452
1884.532734895661,4,2,11,29.374546653018466,488494.14729175635
2348.103182406709,5,1,26,20.21516694810014,585140.0769223622
2924.4780474726726,2,3,41,25.406616732868585,599587.2670832935
2563.2825147738786,4,2,22,9.729881320545541,630225.3125231961
1865.5556547225847,3,1,24,20.29451248561813,447083.5405829227
1446.7370456291649,4,2,20,17.827254819257917,385460.8635544641
3286.67990162493,3,3,23,18.09450360368841,693893.419611563
2029.609217007244,3,3,24,20.475973786131647,500031.480580922
2006.964645956473,4,3,44,17.260775193872956,518821.7824781416
1987.9374564449984,3,2,45,12.871871079079979,492983.8948605164
2099.0423803839276,3,2,31,8.277680831416404,548799.8043355405
1927.8197940380287,2,1,31,23.05743992739606,353620.91678545566
1713.1689965598819,5,3,4,6.788172900095586,594158.921705144
1726.570529379804,5,2,35,20.770629184632426,484801.2313224093
1983.6233648920008,2,3,45,6.999984679479799,539304.0893889782
1728.2876144331176,4,3,41,18.759905098633617,476818.3778573381
1643.5771086614177,1,1,48,22.41234801387087,323860.0848955935
2053.2151138459485,1,1,41,6.561416667196176,496274.02218553086
1872.5113912895724,1,1,38,1.7982990258392484,426738.52907225006
2751.9964942913443,2,1,15,3.929212289825222,632854.4420820327
674.515095803494,2,3,32,18.179909018130765,257961.51967869606
2545.7534259612307,3,1,48,25.483392186772065,495755.61696369806
2623.0425962488143,1,1,20,1.349904637062731,562733.0100074252
963.3048837959252,4,1,8,22.02453777124939,367765.75695801625
1828.6562029598256,4,1,5,10.239559378501564,528104.4355577811
1814.2795670021042,1,3,44,14.355851097585676,432738.613385566
1296.2441526410894,1,1,34,27.86578649536697,265569.5149205264
1611.0916562045622,1,3,38,9.959145142075364,449117.8206178465
1444.7120772670855,2,2,21,13.960108018184581,368667.26880165894
2876.1352217118115,2,3,40,0.41047244282043316,686614.3443520658
2467.8391965737305,2,3,4,2.4479616001451507,671859.6366994309
2635.7775474970795,5,1,41,7.757747734043521,653618.1645199305
2360.8360320216175,4,2,22,0.8355672246322321,638922.1808173155
1435.4741143913852,4,2,16,18.941259781447528,422537.0159383544
1737.7398668601131,3,2,11,12.791950704048675,482842.3864726455
2244.687280613959,2,2,22,16.44435608184066,498060.31109243067
1388.9360955540274,5,3,15,5.239415576889886,534087.1141073076
2356.499215086194,5,2,2,8.877960883098483,692250.0259111366
1879.8373009209324,4,3,29,19.914734245581755,486454.6285994813
1812.5895962252011,2,3,21,28.959081708911995,391339.5514036402
2355.4799841017457,3,3,8,1.512503208066276,666955.0932559369
2222.13165574302,2,2,28,26.71152962565798,448265.69295388553
1819.51691709046,1,1,46,17.306436039336255,353811.65469999006
2579.664901682124,2,1,36,16.91758700266871,530138.0314833946
1459.4683362000515,1,2,22,15.00835605623281,374900.64150090516
2307.967803472132,1,1,12,2.081822577125502,583299.6245439552
2296.550628984192,3,1,31,2.6963055520848203,570558.0186231515
1845.226780343005,4,3,45,18.02736016977258,506293.6058576966
2163.066511121059,2,3,46,10.22875714306675,520359.5747108263
1374.4432118073487,1,2,47,27.51804199733042,254417.43836615025
2462.0135096034505,2,2,22,12.197716120784168,540137.879595058
1907.5489317785054,4,1,44,4.298443761079232,574327.8915195504
1738.6384897404803,4,3,16,21.44156500506108,479389.62797905784
2524.5046129184448,5,2,39,8.800602643230295,669402.761056225
1647.8281547286203,4,2,20,15.764109220676795,444191.2892137465
1295.76935181822,3,2,1,20.9349835651551,446444.3827062355
1221.685413238048,1,2,36,27.007923336062113,285078.08787273924
2303.00497567282,5,2,5,23.765735844050283,571513.2628475674
1359.7853237518584,3,2,43,20.290832036181722,358390.3212247599
2877.3970909921823,2,1,17,20.388995471854308,592356.5488556158
959.035296058139,1,3,29,28.377739320962597,256510.2315384088
2848.228184145019,4,3,21,8.874722924896082,710511.1986052212
2105.5087336013094,1,2,32,0.03336282588562223,538877.0710748129
1951.6434440648038,2,3,29,8.15863678194596,529174.6743805092
1727.540456595525,5,3,16,6.536741388802319,545613.2904837136
2199.5680571760354,5,3,42,19.855037553419944,551234.5265570205
1981.1826487875758,5,2,31,19.01134799296587,493183.3801874502
2551.650941008261,4,2,41,17.803841481141713,594820.2806395807
2057.1138243310197,3,3,13,0.487303296283611,599614.2777475686
2075.1508807309388,3,3,9,21.863341633519425,481524.36236846016
1818.193893893072,1,2,46,9.705912374564745,417323.79173075774
1971.5271881394663,4,1,35,19.95167967019893,478957.803899241
2153.9008844460295,5,3,33,16.6973528550646,572493.8007404653
1144.9158036716872,5,1,8,10.281927762837215,428864.60055591154
1325.9072889471436,2,3,41,4.0372880131232325,398602.281241843
2371.6320470113574,2,1,27,2.8325669298144285,581060.6281432415
2085.432719063971,5,1,10,24.945549993366708,506471.795757753
1908.0083318236605,5,1,13,27.55192626244674,470280.0042640344
2009.2169665326967,4,2,38,19.493641402928986,492720.6342154936
2173.7908526808355,3,1,46,3.103023445814501,563154.8244165592
1730.1201598453192,2,1,18,12.060816506647221,463152.8714789601
1610.8476372988437,3,1,14,21.868176003154716,411216.4495982218
2097.922627548841,4,3,27,23.394626520302044,509306.01053562306
1510.813611192484,5,1,23,3.546558668732658,526384.5190971254
2204.126377857236,3,3,7,0.0009215653614724761,636829.6095065855
1148.7081978810797,5,1,42,21.36411137641815,330634.6057274088
2514.5778186628218,5,1,8,10.697885279586169,677536.1698272841
2236.2987412065213,1,2,46,7.634439948547808,524341.3886879953
2128.0148671569377,3,3,32,0.3869240936857632,645034.2894767238
2491.345491972757,3,1,32,16.20898220284499,596266.8989112406
2832.7372222312883,5,3,18,25.534522062779452,625717.5703757408
2507.1850325090654,4,3,2,28.728949388177636,568725.009527895
1079.5628843341774,1,2,9,16.972348518398675,373303.48199553613
1360.2115166321491,5,2,39,15.433839832196824,442051.51602219354
1687.5907111521606,2,2,46,2.551691564677233,479264.36690037296
2013.0455251054168,2,2,41,16.46618404627799,428203.30950053106
2258.8295102345614,1,2,0,11.399372368961838,539833.3373219107
1637.1280934232673,4,2,28,18.214058426507307,495137.7293761354
2093.383382238539,5,2,49,11.661790436296402,587431.0713563694
1622.3085338233386,3,2,33,7.208973703511003,467101.7191255749
1694.241098504026,1,1,12,2.848958256851295,459965.0461599791
1296.6694515758888,4,3,0,9.447553337666871,469644.64519816375
1538.3833769445478,3,2,33,2.8993450286325686,471237.5185935252
1324.1576971918332,2,2,28,5.306908524719518,385884.87337944796
1512.0633735113336,2,3,47,29.62008475738638,325012.6887465733
2526.82089830392,3,1,46,13.323106707198558,586609.8148082034
1525.3005555840284,1,3,12,15.956152995150497,414122.95684372686
3316.1910324186956,2,3,47,26.208555862116462,641710.6553515367
2246.6589504404446,5,2,48,29.867067014720632,516128.4955109834
2092.418061847437,3,3,28,17.481433480340446,507519.3800839607
1570.8211099093933,3,3,38,24.37421463132515,380561.96010165435
2350.1549397044955,2,2,23,9.808230730100258,546058.396168144
1712.181086881113,1,2,25,9.172318723418734,406624.3304462323
2061.0049073226805,5,2,16,12.081111629836807,588391.7826051295
3280.0422691343974,1,2,6,20.175217880209473,582040.9630375705
1951.9700501376751,4,3,12,20.465750677652963,535295.0643181141
2574.6366631428377,4,3,4,9.457183039483525,681347.2029883856
1648.4117874370563,2,1,25,3.9962977240988606,476709.07682496094
1982.5057547515191,2,1,48,18.971887693965257,440656.75040186435
2885.400317817755,2,3,2,3.8497758656629353,710537.0601111256
1686.5164711061163,4,1,6,17.354775246879903,507835.0291846131
2906.2242789984643,1,3,48,20.80266384168927,566359.2388603676
2353.8759677277376,1,1,38,21.01834489183355,434847.13376367197
1718.766612052866,2,2,0,22.6041633197879,420039.9543660729
2316.2038695277606,5,1,48,26.185782646969937,463275.8466593117
2486.277224813365,1,2,16,14.998769758943652,518903.9261178432
2310.9049811085983,4,2,42,21.907475685887135,517478.44061818626
1214.8876400547717,3,2,24,18.575182060975102,381282.70789449353
1636.4314120875656,3,2,2,5.5991981939304765,505461.50027264626
1876.2406822242476,3,1,14,0.770689346082245,528657.3753245373
1962.7832854499768,5,3,28,8.536241570308013,555985.6469057939
2310.336048775339,2,2,42,13.291011190128582,506167.0009937915
2088.8505004666267,4,1,31,18.513178332859688,543778.7194530541
1332.3278206449495,5,2,25,25.49877991509616,407777.4142192023
2190.0989255029817,4,1,15,5.887371501184969,617869.569566626
2305.2928726419113,4,1,24,3.7664936969543126,599960.3777582301
2279.89522396552,2,1,27,28.904398424229825,403993.2962716345
2540.3903627773107,3,3,8,3.2413367812922136,652430.3212283741
2416.961077274452,2,1,0,14.354732103215674,553827.8788919367
2229.5900396142183,5,1,28,17.566911863799056,518721.3697535523
1964.9171442706765,5,3,21,16.241232627223148,542399.6001762904
1169.5195332420044,5,3,15,2.580964710988296,505795.8927119333
2214.809109566293,2,1,40,1.710807420108581,522248.823213135
2103.8438435815556,4,3,43,3.16450282383107,559280.4020715813
2135.7894185976866,4,2,40,17.567630516178376,528323.3341729564
1361.6257120898454,1,2,6,16.330346629029634,372509.55256601993
1459.4717297958687,5,3,13,7.0122237611023275,556440.2380164714
2526.576426666452,4,3,28,19.133224255367747,578111.8277380802
1980.2224230716724,1,1,18,24.60202506166948,411221.6930133528
2340.7503486863125,4,3,18,1.247368795397813,702461.7922156955
2014.1591880652306,5,1,1,14.943898306441273,571648.6813223155
2014.8780697478726,3,2,40,20.679312363080708,451636.42275784415
2469.141902987999,5,3,44,7.569357812090613,661426.1093779317
1741.9776358913132,2,1,14,9.233127158794472,452975.2618038131
2048.0603884704915,4,1,2,18.409137089681515,511677.7016685912
1768.8623556474788,4,2,10,26.938058803312106,464304.2671206277
1782.7518862838422,2,3,45,24.29773260908698,393143.1135013974
1845.4139382656804,2,2,29,17.493906572987505,464444.4709439151
2111.0668858168565,3,1,39,21.906651532717476,449278.31542406976
1760.6256891682613,4,1,17,10.944674106233961,500546.99123066914
2627.8780627867604,4,3,47,19.228965842962733,584706.660298571
1552.696348890248,3,1,1,13.985447733826708,429573.54489065957
1906.5641779193204,1,3,31,5.698084093726827,512782.7041915958
1780.1344708629126,3,2,7,21.052148216317715,503473.6628401314
2723.4889421768667,5,3,21,16.69393912046466,666409.1009528837
2098.277388255787,4,3,5,10.758647458607742,587338.4520718292
2515.9222697343175,2,1,11,27.340175702358923,479780.9922742113
1257.219813481514,5,1,46,0.628023534801998,465848.1897962095
2133.5251329346293,4,3,39,9.473194537484881,611658.4709775861
2444.8153978117184,3,1,35,1.7064419333293968,598820.4896099129
2041.141994637712,5,1,14,22.995819486648816,505486.8657446219
2532.7401875326755,4,1,27,21.063223623413776,537787.824969813
1741.3557749498138,1,3,48,9.940566562089511,439373.50890928594
2704.67372009279,1,1,44,20.269887066212192,499007.0314398379
3149.449061809625,2,3,17,11.878116785878495,668283.199826
1818.5807197801705,4,1,1,22.68761374267303,455492.4473072989
1777.248739299614,1,2,12,13.625509882101182,472118.42889514734
2726.6922385588505,3,1,44,12.368391834949966,593816.0317344532
2789.7860728653563,4,1,14,28.04189746464903,581292.1315155043
1738.569986423366,3,3,19,7.5263729967210065,526266.709480421
1789.9065914520713,3,3,28,3.6134201998969626,570311.3954825494
1859.1076955697463,1,1,41,17.536293397783744,369280.400100129
1327.7747444828615,4,2,28,29.079654368525368,347840.0294262733
1540.674026757901,5,1,2,11.335176411815599,509045.91782135697
1497.929616623966,1,1,18,1.8611029088634456,402960.4114434832
1616.1012174479358,1,2,2,10.179158019287023,426196.5621891284
1982.6575563066094,4,3,13,15.177949629586752,574442.3818436764
2117.10736626826,4,1,39,4.857690198966411,584481.9238720094
2775.2502464070385,3,3,3,19.743066541694763,653313.5417546227
1500.8229796306046,4,3,10,29.932481670306018,398679.2341424326
2492.161199238292,3,2,30,13.552184279443315,571749.3536861504
1893.0055778872456,1,2,42,10.641856701906379,407980.2432727943
1975.2681451737835,2,3,31,12.021125005034,518823.2875972237
2337.409746083302,5,1,26,3.4543853518560343,669272.580528537
1438.6389892188508,1,3,29,26.498208042786715,345983.2274996062
2191.204873092025,4,1,42,12.444769665640559,571538.7077051458
2083.226104106528,5,1,1,11.61823234274524,601834.9257720511
2246.2256320040747,2,2,48,19.79070818791423,501117.94059197395
2144.5843219539092,2,1,8,13.261002627933706,508373.14297026023
3227.650069955447,3,1,27,19.447004064235383,614572.2828720293
1681.130007874342,5,3,30,1.8433887039236252,600167.0512063354
1734.5015224990912,3,2,33,24.411700311666824,374038.9442963557
1688.429736787618,1,1,14,28.215118586382076,341592.90857609955
1722.2614404198725,5,1,47,19.462961584781578,473130.88418155815
1681.306436346741,1,2,24,28.636977865764322,346496.25204389344
2594.508265553776,3,3,35,4.542969431098899,697026.2540892174
2710.2521239949274,5,2,7,14.32248568441061,643606.8102942465
1714.6268531252617,3,2,8,18.05420201836342,462265.8044262538
1583.8222134478856,5,1,36,17.4520994226356,454661.94420905795
2235.707778193202,3,1,47,12.043853372671297,491254.84354197566
1723.8884778595143,2,3,44,10.142532280987842,435795.95445950225
2316.4659088777553,3,1,38,3.804720676512564,563543.7107325684
2101.46151042565,2,1,31,11.752273516868346,468464.91309852054
1242.127942501384,3,2,16,4.879824453164554,448760.1761061075
2773.752600665031,5,1,34,22.03097029476655,599848.7406228788
2897.9388365477607,5,3,36,6.264928064837699,743724.352839889
1693.6056547578069,5,2,18,1.7569591585360156,595244.6617450521
1806.1492200320079,4,3,43,16.57098413451703,501703.04152659373
2142.9326953624523,1,2,28,17.85689198158205,450952.9194927625
2167.2283949935127,5,1,6,26.157391838415165,533986.8126462406
2329.2721363364153,2,2,27,17.309448372530454,536546.1569113447
3005.1022693831746,5,2,8,10.364425611703371,754854.5039745091
1911.5263862529753,4,1,27,24.090356445789617,491456.72959786665
1600.851377730773,2,1,5,16.20836679562263,438729.4524168366
1310.3403859927364,4,3,28,2.3784085389357523,536027.156657201
1634.5349800290405,2,3,16,16.975516809397398,389455.8003987678
1983.4365135631015,3,1,15,27.240556362649873,438246.2176440205
2897.278931758894,1,1,22,11.889378764946617,586666.2959200566
1741.1943504819142,1,1,30,8.889774056994002,424230.6876810328
2111.893975819449,4,2,2,4.304083710540602,607164.4894181316
1991.788551963624,1,2,20,4.543365658060719,518975.44251192355
2594.196636724042,4,2,25,12.983144530254567,593046.6442089853
3263.4662129368107,4,1,35,17.870394724845887,688236.6955737179
1734.5656135398397,4,3,41,2.4184621550880525,536658.3068519249
1755.280278740889,1,1,36,28.18705767075497,316349.03165494977
2522.080438534536,4,2,21,22.654008523355877,582812.0585547158
2340.9457448131557,1,2,41,17.59871754850988,478723.82853675063
2923.3536628680167,4,1,11,24.853160128169726,639315.6670174829
2291.964092662982,5,1,41,2.4056027043633987,611376.5302607104
1820.3539546064703,4,2,12,14.305166331993732,517913.1484866594
2295.327415346155,2,2,10,18.902793805849903,537560.6056128967
2554.3517902914537,4,2,15,24.859587183548676,581078.8275010026
2410.241090598682,3,1,7,23.50408680147803,535527.6146516681
2253.637015553649,4,2,39,8.31207749140199,609646.0220437021
2533.337344794577,2,2,39,28.22640508677613,471743.72730791534
2584.6477952228365,2,3,44,3.730375242926111,607708.6755263495
2691.0794955187635,1,1,1,26.254008558634563,522909.9702732884
2324.3549437948213,5,3,29,29.128207488138557,541023.5744083086
1916.4409598415727,4,3,29,5.3146056966787665,599337.1868467964
2073.356843216661,1,2,11,21.661981926113558,454089.08559423254
2603.2544832541785,5,1,9,1.208565563339954,702978.3310656218
1591.5321645063818,4,2,43,12.162684754174649,471684.0814413068
2184.3366544364508,3,1,10,15.48849897593022,512154.01000136585
1803.3305938363196,4,3,14,17.41935677728902,533341.374556144
2014.3724114674087,2,1,15,28.078117447456783,383822.22835186427
2639.2259313036493,2,2,16,20.16752061882584,583487.5920853419
2095.5495340099515,3,2,25,14.43833853657711,528558.2676422986
2023.2182740780745,1,2,1,24.290251087976678,432740.26627937425
1320.0719295100403,5,1,49,28.515984628632268,361697.5493020222
2373.1267830136103,4,3,11,0.6619844604687253,696885.6280329451
2322.7420905705376,2,3,25,29.47563816768116,497640.756460336
3081.62736165273,1,1,22,2.5839641719104103,693745.5181554268
1846.1108825234996,3,2,17,24.43160337806284,449804.4243715364
2109.5751638319693,2,3,31,8.410042576542375,520950.64793125197
2124.691841855378,3,2,48,3.9653897326161527,545046.6476063011
2788.7266398817374,4,1,37,13.195669191415046,628897.7123089525
1952.352233806524,5,2,46,19.318697383428407,526893.7820417384
2139.5107628851697,2,3,2,11.42855535070425,547656.1084525046
2303.9482548582696,2,3,37,1.6369622484809687,587948.6165777328
2093.304561578179,4,2,2,17.9838341897615,589043.5258732679
1776.783192724736,1,1,29,27.07209828332024,340071.0172645546
2097.0449964491536,5,2,0,11.49646097841755,599379.8067699532
2536.815874929886,2,1,29,6.4899833289248114,599605.3851627418
1486.7423502944698,5,2,44,13.277320377984461,466502.0649950565
2066.484837073438,2,3,31,1.4508813314634261,538926.3356350273
1649.9395925304134,5,1,27,24.614627534408243,458236.0828636683
2597.5233144624212,3,1,20,24.7902243285056,520736.58911284973
1238.4065476081128,2,1,45,17.640013902888853,318432.6245945642
1720.5390763642058,5,3,12,10.593086668151685,561752.6458381253
2188.60593753226,1,2,26,23.9935009333735,441925.4094323688
2782.7620146171703,3,3,35,16.640610743651017,575389.7670230271
1967.124869463506,3,1,6,24.777969256500487,448476.89456103876
1722.4002366534007,1,2,21,18.94376377749062,420137.957812871
2940.578534720295,5,3,9,23.53216419638392,709734.8696239577
1275.993049791878,4,1,38,17.9568897965328,358788.70085331134
900.5970216899591,1,1,14,12.424232046469987,317380.3578753802
2220.007225026666,5,3,14,28.738375797784126,530080.6096765676
1748.9728878236945,1,3,3,16.23341474636534,440688.21425398183
1489.3835914346434,1,3,31,18.152685556216152,365204.42360493075
2354.1782236496765,2,1,22,6.614629182442478,565229.6618293471
2121.9003568855996,5,3,5,18.769523682818296,609464.7642445657
1717.9606846316358,4,1,23,17.148229484488315,469244.64599288604
1359.8478006645528,2,3,19,5.545151938410749,449728.7752011523
2436.2286641400724,1,1,36,1.7876129205943114,579842.4596788037
2325.1005889793305,1,1,19,18.130779591443133,463057.96258500963
1950.4120681103086,1,2,11,22.910768080509616,420463.6209446392
2923.318498023833,5,3,32,15.702041127660246,717903.1936328243
1464.9576168369238,5,3,27,6.803178759589371,539313.8729634031
1237.2374145376307,2,1,7,19.995659300791047,334281.2361277911
1654.0459650593777,4,1,0,2.403171798288067,520831.90043546096
1977.206991822251,2,1,36,13.255011144058638,465523.1568689406
2121.6697246613458,3,2,21,4.901002751952605,546171.9409013792
1879.381971071835,1,2,5,5.533771531796501,499988.41070796945
2176.0276982571486,1,1,20,6.068818474746109,539639.0303495751
1374.230287904778,1,3,31,11.601211711319337,399063.657555157
2721.88230203663,2,3,34,1.5345061686119288,621136.7349021916
1958.9244108037155,2,2,14,11.933803227872946,504178.6755679989
2558.647915794064,1,2,4,15.351223413441025,551657.6720098526
2171.362673188852,2,1,45,14.498828548989756,447735.91021887003
2228.376609576892,5,3,49,11.483523012091217,604539.3022921198
2284.883640116102,5,1,47,25.174398242122574,500025.79783098795
2223.8542800086575,2,2,5,4.359800772615124,577068.457365433
2321.361379933772,1,3,24,15.17090231344122,520830.59779139404
2664.5762650662155,2,3,45,1.8612425086966289,627862.5365984195
2098.260584850735,2,2,39,2.1346703663372923,546980.452573255
2354.5018787942563,2,1,28,17.21597549031289,492228.90657497535
1955.1321528563867,3,1,6,16.98055274663463,481597.829982834
2720.0586077247362,5,3,39,26.34100538533371,627162.3596179524
1661.8038489703652,4,2,12,16.736210269802196,505482.9587241492
2900.470216455408,4,3,37,28.793730612145506,564928.7944647312
1979.9210246778282,3,2,17,1.460845451997893,592625.3833186157
1284.6124489409758,2,1,1,2.9402305434222322,469962.5347165573
2064.0522074553946,3,2,7,1.3219758471114418,632145.4882308235
1659.4741712625596,3,1,10,5.558305510006201,511537.1926570553
2420.321774494362,1,2,32,16.238103328250343,483709.79237802466
1673.6880103488045,5,3,37,19.36716544282284,499816.99114515726
1776.9082833926102,4,1,47,1.367554738460064,510313.42171227286
1055.2296345272343,2,3,26,28.37912669536798,278529.5083791122
1773.8468403754616,4,3,19,25.26496129951143,473413.8626996585
788.0603366855216,4,1,11,8.898374464712793,361621.9912468895
1208.0485882571384,5,1,42,2.315625906794039,444701.1525702449
2380.207328072149,4,3,30,5.096612196571718,655863.5045977801
2392.9000793254163,4,3,26,3.80833241264918,696237.8339218128
2212.7287808924825,3,3,31,3.6985133789684053,627281.4368486195
1516.5119284353934,5,3,9,15.556850659972017,524836.2596664508
1976.1443219290102,1,1,2,7.375423274802008,517128.2406271361
1998.1987304547158,2,1,44,10.744191495874333,479763.242032474
1420.8176554037286,4,3,26,29.685160001529674,392694.8528910988
2751.6991508835754,2,2,34,20.529427467760343,574080.0920857075
2438.6811452878355,1,2,30,28.46942001141004,421087.8098950447
1889.517913085168,2,1,14,4.276696650993468,517033.9096966661
2013.4429194972654,1,3,15,11.464184244977078,498076.55257482745
2104.1914039737762,3,3,12,16.641954098470627,541996.9967266045
979.1325657878547,4,1,48,2.3027418566621405,393128.7312899317
1876.4113087397016,1,2,34,0.12562330883873596,512243.33666224615
1659.0078760011006,2,2,10,20.113030013907526,401927.47113687533
1499.1899950525421,4,2,20,19.25458550404306,427928.47314982535
1859.4498535570226,3,1,10,12.323664299988353,484221.5582605696
2898.843263424761,4,2,29,14.68932228096098,679658.8108543067
2320.4214306335048,1,1,47,12.463290017762688,478512.29444202833
1714.4105051086017,3,1,34,0.7201513453466657,500344.17224362167
2286.291390678079,2,3,21,10.061148186523873,559169.3737687689
